{"cameraMode":{"drawMode":0,"name":"Shaded","section":"Shading Mode"},"sceneLighting":true,"audioPlay":false,"sceneViewState":{"showFog":true,"showMaterialUpdate":false,"showSkybox":true,"showFlares":true,"showImageEffects":true,"showParticleSystems":true},"in2DMode":false,"pivot":{"x":99.80812072753906,"y":1.2773431539535523,"z":-55.819496154785159},"rotation":{"x":-0.0012669649440795184,"y":-0.5353294014930725,"z":-0.000802993425168097,"w":0.8446420431137085},"size":17.14036750793457,"orthographic":true}